<?xml version="1.0"?>
<doc>
    <assembly>
        <name>NerEngine.Providers.Storage.Json</name>
    </assembly>
    <members>
        <member name="T:NerEngine.Providers.Storage.Json.NerJsonStorageProvider">
            <summary>
            Manager for Named Entity Recognition Data Object stored in Json files on a physical drive
            </summary>
        </member>
        <member name="P:NerEngine.Providers.Storage.Json.NerJsonStorageProvider.ProviderName">
            <summary>
            The provider name used in Reflection Defintion
            </summary>
        </member>
        <member name="M:NerEngine.Providers.Storage.Json.NerJsonStorageProvider.GetGrammarBlocks">
            <summary>
            Gets all the GrammarBlocks
            </summary>
            <returns></returns>
        </member>
        <member name="M:NerEngine.Providers.Storage.Json.NerJsonStorageProvider.UpsertGrammarBlock(NerEngine.V8.NerDataModel.GrammarBlock)">
            <summary>
            Inserts/Updates a GrammarBlock
            </summary>
            <param name="GrammarBlock">The grammarblock to upsert</param>
            <returns></returns>
        </member>
        <member name="M:NerEngine.Providers.Storage.Json.NerJsonStorageProvider.GetWords">
            <summary>
            Gets all the words
            </summary>
            <returns></returns>
        </member>
        <member name="M:NerEngine.Providers.Storage.Json.NerJsonStorageProvider.UpsertWord(NerEngine.V8.NerDataModel.Word)">
            <summary>
            Inserts/Updates a word
            </summary>
            <param name="word">The word to upsert</param>
            <returns></returns>
        </member>
        <member name="M:NerEngine.Providers.Storage.Json.NerJsonStorageProvider.UpsertWords(System.Collections.Generic.Dictionary{System.String,NerEngine.V8.NerDataModel.Word})">
            <summary>
            Inserts/Updates words
            </summary>
            <param name="words">The words to upsert</param>
            <returns></returns>
            <remarks></remarks>
            <remarks>NEW IN v5.0.0.0</remarks>
        </member>
        <member name="M:NerEngine.Providers.Storage.Json.NerJsonStorageProvider.UpsertGrammarBlocks(System.Collections.Generic.Dictionary{System.String,NerEngine.V8.NerDataModel.GrammarBlock})">
            <summary>
            Inserts/Updates grammar blocks
            </summary>
            <param name="grammarBlocks">The grammar blocks to upsert</param>
            <returns></returns>
            <remarks>NEW IN v5.0.0.0</remarks>
        </member>
        <member name="M:NerEngine.Providers.Storage.Json.NerJsonStorageProvider.ConvertJsonFileItemsToGrammarBlockList(System.Collections.Generic.List{JsonQuickStart.JsonItemFile})">
            <summary>
            Converts a JsonItemFile List to a Grammar Block List
            </summary>
            <param name="jsonItems"></param>
            <returns></returns>
            <remarks>WARNING: Only base GrammarBlock is Cached. If you created an extended class and did NOT write properties to Custom Fields then they will not exist in the cache.
            Custom Fields not supported currently for word</remarks>
        </member>
        <member name="M:NerEngine.Providers.Storage.Json.NerJsonStorageProvider.ConvertJsonFileItemsToWordList(System.Collections.Generic.List{JsonQuickStart.JsonItemFile})">
            <summary>
            Converts a JsonItemFile List to a Word List
            </summary>
            <param name="jsonItems"></param>
            <returns></returns>
            <remarks>WARNING: Only base Word is Cached. If you created an extended class and did NOT write properties to Custom Fields then they will not exist in the cache.
            Custom Fields not supported currently for word</remarks>
        </member>
    </members>
</doc>
